test,302,187
error,292,239
list,256,219
im,210,155
code,181,163
function,166,139
get,139,119
iterator,139,108
autograder,134,119
json,134,90
use,123,101
sure,122,108
functions,112,94
getting,106,97
case,104,71
tests,102,81
know,99,90
dont,94,88
node,93,73
cases,90,72
private,82,67
file,81,69
one,79,67
request,77,62
tried,76,68
first,75,65
need,74,68
also,73,69
student,72,60
however,72,70
like,71,64
confused,70,68
listh,69,66
last,68,57
trying,68,63
line,68,58
queue,67,59
class,67,60
apicpp,66,59
help,66,63
wrong,65,63
using,65,58
read,64,48
output,63,51
memory,62,48
delete,61,52
says,61,57
still,60,59
try,59,54
run,59,49
new,59,38
since,58,54
something,58,54
object,58,45
check,57,48
hi,55,55
right,55,50
return,55,48
someone,54,54
end,54,47
ive,54,46
make,53,49
supposed,53,48
errors,52,48
type,51,41
cin,51,37
operator,50,46
fix,50,48
way,49,42
thanks,49,49
member,49,37
issue,48,46
work,47,46
constructor,47,39
compile,47,39
thank,46,46
anyone,46,45
see,45,41
uniqname,45,41
correct,45,43
reading,44,35
copy,44,32
public,43,38
problem,43,39
insert,42,33
pass,42,18
loop,41,33
empty,41,35
cant,40,39
project,39,35
leak,39,34
think,38,34
create,38,29
hello,38,38
two,38,32
working,37,34
erase,37,33
iterators,36,31
add,36,32
submitted,36,31
keep,36,36
lines,36,28
got,35,33
doesnt,35,35
pointer,35,28
spec,34,34
variable,34,29
go,33,32
points,33,28
implementation,33,30
even,32,30
point,32,28
different,32,26
post,32,25
content,32,24
cout,31,26
value,31,27
following,31,31
nullptr,31,30
mean,31,30
look,30,30
write,30,28
method,30,25
implemented,30,28
input,30,27
length,30,19
implement,30,27
set,30,26
fault,30,24
bad,30,23
example,30,29
wondering,29,29
position,29,23
running,29,29
requests,29,25
api,28,28
null,28,26
datum,28,21
back,27,22
used,27,24
really,27,23
time,27,26
else,27,25
push_back,27,25
access,27,24
figure,26,26
anything,26,26
correctly,26,24
destructor,26,21
element,26,19
body,26,23
fine,25,24
debugger,25,24
change,25,21
seems,25,25
whats,24,24
understand,24,21
might,24,24
size,24,17
made,23,23
testing,23,23
checked,23,20
created,23,23
string,23,18
going,23,23
cannot,23,21
files,23,20
call,23,19
segmentation,23,18
please,22,22
submission,22,20
everything,22,21
next,22,19
bit,22,21
didnt,22,21
list_testscpp,22,18
works,22,21
every,22,21
find,22,20
part,21,20
able,21,19
want,21,20
saying,21,20
print,21,16
means,21,21
int,21,18
isnt,21,20
struct,21,18
writing,20,20
location,20,16
terminal,20,20
within,20,18
lists,20,14
response,20,19
take,19,19
sanitizer,19,17
seem,19,19
data,19,16
clear,19,13
exit,19,17
push_front,19,18
appreciated,19,19
start,19,18
copy_all,19,16
bugs,18,17
missing,18,18
assignment,18,14
caen,18,17
main,18,18
contentlength,18,15
array,18,12
gives,18,16
valid,18,15
default,18,14
ohqueue,18,14
front,18,15
put,17,16
always,17,16
specific,17,17
pointing,17,13
big,17,12
give,17,17
reference,17,15
path,17,15
const,17,14
said,17,16
listint,17,13
implementing,17,17
given,16,15
begin,16,13
arent,16,15
may,16,15
reason,16,15
statement,16,13
similar,16,12
allowed,16,16
making,16,16
status,16,14
exactly,16,16
giving,16,14
include,16,15
explain,16,16
specs,16,13
server,16,15
issues,15,15
instead,15,15
submit,15,13
though,15,15
resolved,15,15
debug,15,15
vs,15,11
compiler,15,15
address,15,12
currently,15,15
well,15,15
question,15,15
partner,15,12
program,15,13
without,15,13
undefined,15,11
causing,15,14
variables,15,14
thing,14,13
added,14,13
idea,14,14
say,14,11
hours,14,13
templating,14,13
due,14,13
number,14,13
assume,14,13
included,14,14
creating,14,14
runs,14,14
push,14,13
node_ptr,14,14
whether,14,14
statements,14,11
wonder,14,12
whenever,14,14
looked,13,13
little,13,13
us,13,13
p4,13,12
another,13,13
students,13,12
looking,13,12
rest,13,12
theres,13,13
nodes,13,11
handling,13,12
shows,13,10
unsure,13,13
inside,13,13
http11,13,9
coming,13,12
ideas,13,13
three,13,10
instructor,13,13
failing,13,13
comparing,13,8
calling,13,13
declared,13,12
lecture,13,13
pop_front,13,11
initialize,13,12
passed,12,12
specifically,12,11
happening,12,12
leaks,12,11
office,12,11
types,12,11
properly,12,11
headers,12,12
compiling,12,11
c,12,11
called,12,10
linked,12,10
piazza,12,12
void,12,9
entire,12,11
assert,12,11
already,12,11
solved,12,12
returns,12,10
pop_back,12,10
listintiterator,12,11
pop,12,9
name,12,12
count,12,8
parse,12,12
thought,11,11
worked,11,11
much,11,11
believe,11,9
many,11,11
needed,11,11
wanted,11,11
written,11,11
endpoint,11,11
message,11,11
template,11,11
false,11,9
appreciate,11,11
apiqueue,11,11
xcode,11,11
debugging,11,11
direction,11,11
told,11,9
previous,11,11
printing,11,11
found,11,10
note,11,5
attached,11,11
trouble,11,11
wrote,11,10
according,11,11
exception,11,10
consider,11,11
prev,11,10
lot,10,10
went,10,10
apiexe,10,9
compiled,10,9
posts,10,10
apiqueuehead,10,9
seg,10,8
results,10,10
receiving,10,9
assign,10,8
let,10,10
invalid,10,9
returning,10,9
looks,10,10
deleting,10,10
original,10,9
resolve,10,10
listt,10,10
deleted,10,9
cause,10,10
tell,10,10
operators,10,10
terminating,10,9
syntax,10,10
friend,10,6
lost,9,7
came,9,9
failed,9,8
result,9,9
comes,9,9
show,9,8
screenshot,9,8
left,9,9
done,9,9
methods,9,5
blank,9,8
actually,9,9
library,9,8
current,9,8
passes,9,9
things,9,8
multiple,9,9
stop,9,9
list_compile_checkcpp,9,9
prints,9,7
ok,9,9
couldnt,9,8
iter,9,8
applicationjson,9,6
uncaught,9,8
past,9,9
incorrect,9,9
pointers,9,8
declare,9,8
adding,9,8
malloc,9,6
checking,9,9
objects,9,9
header,9,9
host,9,6
members,9,6
score,8,5
possible,8,8
happen,8,8
hello ,8,8
people,8,8
noticed,8,8
understanding,8,8
version,8,7
showing,8,6
list_testsexe,8,8
long,8,7
fail,8,8
solution,8,8
account,8,7
format,8,7
nothing,8,8
ran,8,6
candidate,8,4
parsing,8,8
second,8,7
localhost,8,6
good,8,8
information,8,7
greatly,8,8
values,8,8
advice,8,8
fixing,8,8
extra,8,7
slides,8,7
n,8,5
better,7,7
catch,7,6
fails,7,7
fixed,7,7
saw,7,7
equal,7,7
answer,7,7
overloaded,7,6
dereference,7,6
list_tests,7,6
responses,7,7
etc,7,7
compiles,7,7
elements,7,7
standard,7,7
wsl,7,5
automatically,7,7
stuck,7,7
section,7,7
guidance,7,7
update,7,7
related,7,7
argument,7,6
visual,7,7
local,7,6
great,7,7
changing,7,7
error ,7,6
track,7,7
strings,7,7
starter,7,6
command,7,7
bug,7,6
outside,7,6
apiqueuetail,7,6
endl,7,7
real,7,7
web,7,6
order,7,7
jsons,7,6
contenttype,7,5
q,7,1
today,6,6
sanitizers,6,5
missed,6,4
based,6,6
recent,6,6
iterate,6,6
true,6,6
grade,6,4
open,6,3
despite,6,6
passing,6,6
problems,6,6
ever,6,6
either,6,6
asked,6,6
vscode,6,6
receive,6,6
beginning,6,6
actual,6,6
thinking,6,5
assigning,6,5
times,6,6
heap,6,6
additionally,6,5
ide,6,6
whole,6,6
declaration,6,6
accessing,6,5
temp,6,6
style,6,5
thanks ,6,6
overload,6,6
positive,6,6
id,6,6
therefore,6,6
requires,6,5
wouldnt,6,6
launchjson,6,6
quite,6,5
edge,6,4
hint,6,6
list_compile_check,6,6
test01in,6,5
sources,6,5
solve,6,6
you ,6,6
unique,6,6
compare,6,5
locally,6,5
proceed,6,6
ways,6,6
kind,6,5
instance,6,6
expected,6,6
ctor,6,5
step,6,5
eraseiterator,6,4
directly,6,6
finished,6,6
continue,6,6
item,6,6
charsetutf8,6,4
j3,6,5
test04in,6,6
caught,5,5
changed,5,5
final,5,4
taken,5,5
clue,5,5
provided,5,4
never,5,5
wont,5,5
feel,5,5
week,5,3
build,5,5
basically,5,5
opened,5,4
aka,5,5
allow,5,5
handle,5,5
none,5,5
started,5,5
whilecin,5,5
printed,5,5
stops,5,4
seen,5,5
proper,5,5
certain,5,4
auto,5,5
computer,5,5
whitespace,5,3
recognize,5,5
folder,5,5
rhs,5,5
lead,5,5
warnings,5,5
received,5,5
happens,5,4
including,5,5
attempt,5,5
incorrectly,5,5
definition,5,5
occurs,5,5
warning,5,5
r,5,5
heres,5,5
wasnt,5,5
suggestions,5,5
behavior,5,4
guide,5,5
traverse,5,4
several,5,5
libcabi,5,5
must,5,5
python,5,4
operands,5,4
j,5,5
rather,5,5
table,5,3
edit,5,5
stdio,5,5
nlohmanndetailparse_error,5,5
jsonexceptionparse_error101,5,5
column,5,5
literal,5,5
outputs,5,5
tutorial,5,5
inputs,5,5
pushback,5,4
b,5,4
junk,5,5
approach,5,4
i3,5,3
mac,5,5
i1,5,1
extension,4,4
title,4,4
caused,4,4
possibly,4,4
oh,4,4
advance,4,4
positions,4,4
care,4,4
obvious,4,3
lose,4,4
website,4,2
sets,4,3
constructors,4,4
nowhere,4,4
considered,4,4
resulted,4,3
formatted,4,4
perfectly,4,3
head,4,4
infinite,4,3
appropriate,4,4
timed,4,3
uniquename,4,4
ag,4,4
code ,4,4
attempting,4,4
uses,4,4
window,4,3
removing,4,4
person,4,4
erasing,4,4
maybe,4,4
werent,4,3
necessary,4,4
tells,4,4
confusing,4,4
recommended,4,4
gets,4,4
test02,4,4
crashes,4,3
processing,4,4
checks,4,4
non,4,2
rme,4,4
thus,4,4
testlist,4,4
okay,4,4
test02in,4,4
list ,4,4
jsonhpp,4,4
scope,4,4
jsonarray,4,4
submitting,4,4
feedback,4,4
redirection,4,3
implementations,4,4
display,4,4
place,4,4
mistakes,4,3
full,4,4
initialized,4,4
installed,4,4
configuration,4,4
probably,4,4
somewhere,4,4
stdlist,4,4
stl,4,4
twice,4,4
contains,4,4
remainder,4,3
http,4,4
index,4,2
questions,4,4
ints,4,3
shown,4,4
iterator ,4,3
ie,4,4
breakpoint,4,4
instructors,4,4
normal,4,3
weve,4,4
yet,4,4
liststdstring,4,2
setting,4,4
thats,4,4
opening,4,4
store,4,3
laurea,4,4
np,4,4
templatetypename,4,3
defined,4,4
reads,4,3
inserting,4,4
outputting,4,4
top,4,4
comment,4,4
declarations,4,3
byte,4,2
lastnext,4,3
appears,4,4
symbols,4,4
architecture,4,2
list_compile_checkexe,4,4
temporary,4,4
needs,4,4
notes,4,4
havent,4,4
laptop,4,4
hi ,4,4
define,4,2
sample,4,2
assistance,4,4
00px,4,2
weird,4,4
individual,4,4
shouldnt,4,4
listiterator,4,3
operatorconst,4,3
driver,4,3
args,4,3
design,4,4
shall,4,3
inputting,4,4
postincrement,4,3
inode_ptr,4,4
session,4,4
symbol,4,1
thread,4,4
partners,3,3
tomorrow,3,3
ia,3,3
seemed,3,3
enabled,3,3
obviously,3,3
conditions,3,3
stays,3,3
almost,3,3
amount,3,3
least,3,3
review,3,3
updating,3,3
upon,3,3
starting,3,3
p3,3,3
process,3,3
helping,3,3
eecs,3,3
meeting,3,3
link,3,3
letting,3,3
unsuppressed,3,2
matching,3,3
matches,3,3
commented,3,3
duplication,3,2
although,3,3
behind,3,3
helper,3,3
stopped,3,3
valgrind,3,3
particular,3,3
grader,3,3
ask,3,3
positives,3,3
deep,3,2
addresses,3,3
logic,3,3
ensure,3,3
tips,3,3
requirements,3,3
directory,3,2
guess,3,3
text,3,3
anymore,3,3
middle,3,3
remove,3,3
come,3,3
words,3,3
conditional,3,3
machine,3,3
completely,3,3
stepping,3,3
dereferencing,3,3
typename,3,3
successfully,3,3
course,3,3
codes,3,3
semester,3,3
ub,3,2
newnode,3,2
everywhere,3,3
simple,3,2
node ,3,3
expects,3,1
definitions,3,3
replace,3,3
indication,3,3
gdb,3,3
queuesize,3,2
appreciated ,3,3
throwing,3,3
projects,3,3
referenced,3,3
violate,3,3
i ,3,3
uploaded,3,3
uniquname,3,3
mutation,3,3
free,3,3
ignore,3,3
keeps,3,3
identifier,3,3
test04,3,3
struggling,3,3
along,3,3
around,3,3
indefinitely,3,3
listed,3,3
besides,3,3
general,3,3
offer,3,3
double,3,3
here ,3,3
hoping,3,3
purpose,3,3
space,3,2
charsetutf8contentlength,3,2
somebody,3,3
hard,3,3
structure,3,3
errant,3,1
public_error01,3,3
unit,3,3
framework,3,3
serverpy,3,3
ones,3,3
nesting,3,2
rhsnode_ptr,3,3
theyre,3,3
faults,3,3
appear,3,3
hints,3,3
recording,3,3
studio,3,2
happened,3,3
itll,3,3
creates,3,3
iteration,3,2
requirement,3,2
char,3,2
compared,3,2
iterating,3,3
victim,3,2
lasts,3,2
notice,3,3
awdeorio,3,3
info,3,3
increment,3,3
waiting,3,3
bool,3,3
1st,3,2
places,3,3
list_test,3,3
h,3,3
topic,3,3
produce,3,3
figuring,3,3
helps,3,3
separate,3,3
leaking,3,2
indentation,3,3
nested,3,2
quick,3,3
send,3,3
that ,3,3
urls,3,3
condition,3,3
single,3,3
freed,3,3
calls,3,3
getline,3,3
u,3,3
wrong ,3,3
online,3,3
unexpected,3,3
newline,3,3
modify,3,3
numbers,3,3
pointed,3,3
connect,3,3
mistake,3,3
reports,3,3
assertion,3,3
ends,3,3
stuff,3,3
assembly,3,1
opens,3,2
strange,3,2
assert_truebacktestback,3,1
firstnext,3,3
items,3,3
error01,3,2
follows,3,3
apicpp ,3,3
public_error01outcorrect,3,3
paths,3,2
updated,3,3
pretty,3,3
picture,3,3
learned,3,2
match,3,3
linkedlist,3,3
finish,3,3
std,3,3
assuming,3,3
difference,3,3
i2,3,2
red,3,3
changes,3,3
removed,3,3
requested,3,3
keyvalue,3,2
key,3,3
extract,3,3
target,3,3
paste,3,2
remote,3,2
test03,3,3
overview,3,3
break,3,3
sink,3,2
queuebegin,3,2
counting,3,2
intro,3,2
initializing,3,1
stated,2,2
affect,2,2
worst,2,2
highest,2,1
released,2,2
prompted,2,1
graded,2,2
ps,2,2
meaning,2,2
turns,2,2
p4web,2,2
feeling,2,1
confirm,2,2
indeed,2,2
mention,2,2
honestly,2,2
interview,2,2
talk,2,1
returned,2,2
lol,2,2
otherwise,2,2
intend,2,2
accidentally,2,2
operations,2,1
ended,2,2
tested,2,2
chose,2,2
postfix,2,2
autogravder,2,2
gahyuny,2,2
example ,2,2
destroy,2,2
test_in,2,2
telling,2,2
formatting,2,2
remained,2,2
problem ,2,2
involving,2,2
bellow,2,2
copied,2,2
honor,2,2
confuses,2,2
arrays,2,2
respective,2,2
shallow,2,1
templates,2,2
route,2,2
catching,2,2
triplechecked,2,2
significance,2,2
yuyaoh,2,2
usernamemylaptop,2,2
linux,2,2
navigate,2,2
explorer,2,2
signature,2,2
value ,2,2
nullptr ,2,2
test05,2,2
array ,2,2
all get and delete requests,2,2
a contentlength,2,2
publicerror01,2,2
separates,2,2
overall,2,2
resubmitted,2,2
ubleak,2,2
instances,2,2
unfortunately,2,2
compilation,2,2
submits,2,2
suddenly,2,2
reuse,2,2
exact,2,2
ill,2,2
associated,2,2
anybody,2,2
others,2,2
environment,2,2
matter,2,2
essentially,2,2
putting,2,2
null_ptr,2,2
incrementing,2,2
misunderstanding,2,2
stub,2,2
imagine,2,2
required,2,2
 listh2112,2,2
providedapicpp1212,2,1
reaches,2,2
random,2,2
integer,2,2
lectures,2,2
determine,2,2
ifdef,2,2
stdin,2,2
endif,2,2
stemming,2,2
present,2,2
issue ,2,2
originally,2,2
expression,2,2
inode_ptrprev,2,2
deal,2,2
priyasha ,2,2
last_node,2,2
trouble ,2,2
structs,2,2
organized,2,2
dealing,2,2
details,2,2
byagh,2,2
listbegin,2,2
anywhere,2,2
away,2,2
later,2,2
cstddef,2,2
webpage,2,2
requestcontenttype,2,2
nlohmanndetailtype_error,2,2
highlighted,2,2
identify,2,2
it ,2,2
copy_queue,2,2
asking,2,2
clarification,2,2
mentions,2,2
for ,2,2
methodpath,2,1
follow,2,2
lengthjson,2,2
ex,2,2
side,2,2
require,2,2
bind,2,2
binding,2,2
discards,2,2
well ,2,2
checker,2,2
failure,2,2
attempts,2,2
empty ,2,2
pops,2,2
edits,2,2
prior,2,2
targetnext,2,2
targetprev,2,2
this ,2,2
sorry,2,2
copyall,2,1
simply,2,2
potential,2,2
works ,2,2
destroyed,2,1
backwards,2,2
reverse,2,1
usually,2,2
consideration,2,2
unit_test_frameworkh3205,2,1
static_assert,2,1
is_equality_comparableconst,2,1
voidvalue,2,1
static_assertis_equality_comparablefirst,2,1
secondvalue,2,2
larger,2,2
conceptual,2,2
awdeorio ,2,2
bracket,2,2
tool,2,2
via,2,1
pc,2,2
pressing,2,2
comparison,2,2
node_ptrdatum,2,2
	assertfalse,2,1
variations,2,2
cpp,2,2
earned,2,2
x,2,2
constructing,2,2
whatever,2,2
encounter,2,2
continues,2,2
nonstatic,2,1
clear ,2,1
screenshots,2,2
guessing,2,2
structured,2,2
stdbad_cast,2,2
took,2,2
erased,2,2
segfault,2,2
gsi,2,2
broken,2,2
pipe,2,2
entered,2,2
localhost8000,2,2
option,2,2
locations,2,2
messages,2,2
is ,2,2
httplocalhostqueuehead,2,2
followed,2,2
namespace,2,2
lania,2,2
addition,2,2
malloc_error_break,2,2
abort,2,2
configured,2,2
experiencing,2,2
fixes,2,2
listintiteratoriteratorlistintnode,2,2
from ,2,2
listintbegin,2,2
listintend,2,2
remember,2,2
list_testcpp,2,2
exited,2,2
especially,2,2
stdc11,2,2
wall,2,2
werror,2,2
pedantic,2,2
g,2,2
wnosigncompare,2,2
wnocomment,2,2
carriage,2,1
chars,2,2
jsondump,2,2
listback,2,1
card,2,2
decrement,2,2
doubles,2,2
zero,2,2
ptr,2,2
listh ,2,2
to ,2,2
save,2,2
figured,2,2
parameter,2,2
brackets,2,2
declaring,2,2
interface,2,2
case ,2,2
my_list,2,2
my_listend,2,2
construct,2,2
iteratornode,2,2
p,2,2
overloading,2,2
reassigned,2,2
tries,2,2
throws,2,2
thrown,2,2
have ,2,2
narrowed,2,2
basic,2,2
testtest_copy_all,2,2
liststdstringiterator,2,1
dfirst,2,2
office_hours_queueerror_handling,2,1
rrishi,2,2
nullpointer,2,2
iter3,2,2
search,2,2
possibility,2,1
out ,2,2
breaks,2,2
differences,2,2
trailing,2,1
versions,2,1
str_head,2,2
inputted,2,2
request ,2,2
meant,2,2
ultimately,2,2
itlocation,2,2
itname,2,2
newly,2,2
aware,2,2
sign,2,2
button,2,2
basic_stringchar,2,2
utilizing,2,1
moment,2,2
youre,2,2
phrase,2,2
mentioned,2,2
word,2,2
enough,2,2
five,2,2
four,2,2
trash,2,2
added ,2,2
files ,2,2
clarify,2,2
class ,2,2
type ,2,2
file ,2,2
my_listsize,2,2
list2,2,2
material,2,2
complex,2,2
wants,2,2
preincrement,2,2
per,2,2
listend,2,2
exc_bad_access,2,2
l1,2,2
l1inserti23,2,2
l1inserti14,2,2
options,2,2
midterms,2,2
selfassignment,2,1
errors ,2,2
variables ,2,2
popping,2,2
adjust,2,1
argv,2,2
list1copy_alllist2 ,2,1
pairs,2,2
pair,2,2
getlinecin,2,2
marked,2,2
restarting,2,1
allocated,2,2
signal,2,2
coding,2,2
w,2,1
it1,2,1
bracketfinder,2,2
usual,2,2
frozen,2,2
endlines,2,1
optional,2,2
repository,2,2
repo,2,2
tonight,2,2
strut,2,1
stdruntime_error,2,1
queueend,2,1
istream,2,2
zoom,2,2
knowing,2,1
a ,2,2
container,2,2
future,1,1
projects ,1,1
thoroughly,1,1
is edwila,1,1
canvas,1,1
crash,1,1
iffy,1,1
assumed,1,1
technically,1,1
elghoulh,1,1
ideally,1,1
shouldve,1,1
submissions,1,1
calculated,1,1
perfect,1,1
fair,1,1
considering,1,1
again ,1,1
enters,1,1
sonia,1,1
enterassign,1,1
queuepush_backsonia,1,1
queueempty,1,1
equals,1,1
skips,1,1
skore,1,1
huge,1,1
dropping,1,1
project ,1,1
disappointed,1,1
nearly,1,1
flat,1,1
stupid,1,1
feels,1,1
harsh,1,1
frustrating,1,1
advise,1,1
haveshould,1,1
gone,1,1
tracking,1,1
avoided,1,1
easily,1,1
tbh,1,1
best,1,1
describe,1,1
tech,1,1
totally,1,1
leave,1,1
girl,1,1
description,1,1
signup,1,1
clicking,1,1
indexhtml,1,1
downloads,1,1
hitting,1,1
google,1,1
chrome,1,1
registering,1,1
prevent,1,1
purely,1,1
purposes,1,1
shot,1,1
dark,1,1
disregard,1,1
potentially,1,1
realized,1,1
decided,1,1
perform,1,1
manner,1,1
flags,1,1
felt,1,1
clearly,1,1
sincerely,1,1
mjohar,1,1
akshatar,1,1
prefix,1,1
applied,1,1
destroys,1,1
leaves,1,1
my_listlist,1,1
assert_truemy_listempty,1,1
fully,1,1
saike,1,1
screenshot_20230329_at_62612_pmpng,1,1
screenshot_20230329_at_62624_pmpng,1,1
screenshot_20230329_at_62636_pmpng,1,1
unused,1,1
sake,1,1
possibilities,1,1
faulting,1,1
gotten,1,1
screenshot_20230329_at_53557_pmpng,1,1
like ,1,1
putted,1,1
couts,1,1
whilecinmethodendpoint,1,1
similarly,1,1
immediately,1,1
entirely,1,1
mac ,1,1
btw,1,1
atexit,1,1
test_name,1,1
doubt,1,1
untouched,1,1
sometimes,1,1
massive,1,1
described,1,1
faq,1,1
usage,1,1
emms ,1,1
documentation,1,1
appended,1,1
examples,1,1
printwrite,1,1
night,1,1
lower,1,1
flagged,1,1
programme,1,1
occur,1,1
jwytang,1,1
list_comile_checkcpp,1,1
become,1,1
violation,1,1
copies,1,1
0x1000,1,1
0x1010 ,1,1
correctly ,1,1
test_cases,1,1
available,1,1
pointer_type,1,1
portion,1,1
allows,1,1
home,1,1
mntc,1,1
click,1,1
forcing,1,1
exits,1,1
document,1,1
invalidate,1,1
node_ptrs,1,1
series,1,1
made ,1,1
lrsierra,1,1
nod,1,1
autotrader,1,1
tho,1,1
p4spec,1,1
 t,1,1
gathered,1,1
peoples,1,1
nature,1,1
accept,1,1
working ,1,1
andbaker,1,1
csweiss,1,1
whatsoever,1,1
alghanas,1,1
mustve,1,1
stdlisttiterator,1,1
c14,1,1
werrorwc14extensions,1,1
download,1,1
extensions,1,1
templates ,1,1
included ,1,1
ol,1,1
story,1,1
recognizing,1,1
showed,1,1
retake,1,1
plagiarism,1,1
cheating,1,1
partner picture,1,1
yeonjl,1,1
asserti,1,1
misinterpreting,1,1
failing ,1,1
miss,1,1
hence,1,1
behave,1,1
avail,1,1
upsets,1,1
causes,1,1
new_it,1,1
stubs,1,1
exist,1,1
counts,1,1
states,1,1
instantiation,1,1
listtpush_backconst,1,1
ohqueuestudentapicpp3324,1,1
herelisth10822,1,1
listohqueuestudentnodenode ,1,1
listohqueuestudentnodenode,1,1
implicitly,1,1
illformed ,1,1
ohqueuestudentstudentapicpp149,1,1
ohqueuestudentstudentstdstring,1,1
stdstring ,1,1
studentstring,1,1
name_in,1,1
location_in ,1,1
apicpp149,1,1
arguments,1,1
ohqueuestudentstudentconst,1,1
ohqueuestudent ,1,1
 apicpp1212,1,1
ohqueuestudentstudentohqueuestudentapicpp1212,1,1
providedapicpp,1,1
ohqueuegetpositionohqueuestudentapicpp525,1,1
control,1,1
nonvoid,1,1
werrorreturntype ,1,1
resolution,1,1
outputresultspush_backs,1,1
type_error308,1,1
knows,1,1
test03out,1,1
behaviorcode,1,1
stepped,1,1
asych,1,1
screen_shot_20230328_at_105825_pmpng,1,1
convert,1,1
triggered,1,1
machines,1,1
exiting,1,1
__apple__,1,1
assertfreopentest01in,1,1
completed,1,1
helpful ,1,1
displayed,1,1
allocations,1,1
fromwhich,1,1
from my,1,1
sabrinx,1,1
mbkramer,1,1
stands,1,1
deletechange,1,1
gave,1,1
originalpush_back1,1,1
originalpush_back2,1,1
originalpush_back3,1,1
bc,1,1
i4,1,1
operandscc349,1,1
list_testscpp251,1,1
6 operand,1,1
liststd__1stringiterator,1,1
lania ,1,1
site,1,1
terminals,1,1
getting ,1,1
earlier,1,1
registered,1,1
sure ,1,1
understand ,1,1
listfront,1,1
malfunctioning,1,1
somthing,1,1
macos,1,1
credit,1,1
undefine,1,1
lost ,1,1
mederand,1,1
equaling,1,1
backwards ,1,1
dereferenceable,1,1
impossible,1,1
codelldb,1,1
loaded,1,1
forcerestarted,1,1
computer ,1,1
video,1,1
grasp,1,1
indicating,1,1
publicdoes,1,1
assist,1,1
privatefor,1,1
row,1,1
meanswhy,1,1
addressed,1,1
firm,1,1
youll,1,1
grading,1,1
guideline,1,1
iostream,1,1
cassert,1,1
sstream,1,1
utility,1,1
test01,1,1
curl,1,1
localhost8000api,1,1
means ,1,1
filefor,1,1
linehttp11,1,1
0http11,1,1
createdcontenttype,1,1
pleaseee,1,1
jsonexceptiontype_error302,1,1
nullfor,1,1
onwards,1,1
print_post,1,1
print_bad,1,1
alter,1,1
given assertfreopenmain_testin,1,1
stdinas,1,1
iter_temp,1,1
list_tempend ,1,1
list_temperaseiter_temp,1,1
image,1,1
push_all,1,1
pushed_queue,1,1
pushed_queuepush_allqueue,1,1
assert_equalpushed_queue,1,1
computers,1,1
lab,1,1
sreejav,1,1
public_error01in,1,1
erroneous,1,1
requests ,1,1
align,1,1
getdelete,1,1
jsonwhere,1,1
pdatum,1,1
benefit,1,1
 or,1,1
testcpp,1,1
unable,1,1
list123,1,1
references,1,1
nonconst,1,1
lvalue,1,1
rvalue,1,1
qualifiers,1,1
level,1,1
deepest,1,1
hold,1,1
insight,1,1
linelist,1,1
beginbegin,1,1
iteratorbegin,1,1
users,1,1
view,1,1
zsh,1,1
rid,1,1
message ,1,1
exe,1,1
errorswarnings,1,1
hasnt,1,1
deeper,1,1
days,1,1
tracker,1,1
popped,1,1
updates,1,1
manually,1,1
up ,1,1
omit,1,1
seemingly,1,1
undo,1,1
targetprevnext,1,1
kept,1,1
spot,1,1
far ,1,1
copy_cstor_assignment,1,1
cstor,1,1
iterator_comparisons,1,1
iterator_dereference,1,1
list_clear,1,1
list_erase,1,1
list_insert,1,1
simple_push_back,1,1
simple_push_front,1,1
submission ,1,1
solving,1,1
job,1,1
sessions,1,1
copy_allother,1,1
erros,1,1
intructed,1,1
all ,1,1
by ,1,1
1assert,1,1
2range,1,1
ush,1,1
impement,1,1
31if,1,1
4consider,1,1
41if,1,1
weirdest,1,1
thte,1,1
stores,1,1
underlined,1,1
actions,1,1
deletion,1,1
clauses,1,1
dereferencable,1,1
fills,1,1
jlend,1,1
jlbegin,1,1
deletetail,1,1
deletequeue ,1,1
error1,1,1
error2,1,1
easier,1,1
character,1,1
character ,1,1
involves,1,1
cases ,1,1
concepts,1,1
errorim,1,1
generically,1,1
 bash,1,1
thing ,1,1
definitely,1,1
thiese,1,1
andor,1,1
countresults,1,1
indention,1,1
spacing,1,1
respond,1,1
test_push_front,1,1
storing,1,1
individually,1,1
misuse,1,1
leaksseg,1,1
assignments,1,1
nextprev,1,1
forloop,1,1
difficult,1,1
clearing,1,1
kicked,1,1
crashed ,1,1
operatoriterator,1,1
rhsnode_ptrdatum,1,1
duplicate,1,1
confused ,1,1
implementation ,1,1
fornode,1,1
npnext,1,1
ifnpdatum,1,1
inode_ptrdatum,1,1
listiteratorinsertlistiterator,1,1
listtiteratorinsertlisttiterator,1,1
listtiterator,1,1
hour,1,1
howwe,1,1
produced,1,1
is most,1,1
timing,1,1
variablesreading,1,1
existschecking,1,1
validitydeciding,1,1
ifelse,1,1
endpointand,1,1
finally,1,1
desired,1,1
implemented ,1,1
jsonexceptiontype_error308,1,1
variablelooking,1,1
correctlyconsidering,1,1
voids,1,1
complains,1,1
capitalised,1,1
listto,1,1
thtalan,1,1
outputted,1,1
regularly,1,1
mind,1,1
likewise,1,1
finding,1,1
csanjana,1,1
listh1077,1,1
listh1147,1,1
massage,1,1
static,1,1
anything ,1,1
ton,1,1
inaccessible,1,1
juetts,1,1
neither,1,1
it_erase,1,1
reporting,1,1
uhh,1,1
designs,1,1
globals,1,1
listh19716,1,1
listintiteratornode_ptr,1,1
readonly,1,1
object ,1,1
node_ptrnext ,1,1
listh19815,1,1
qualifiers ,1,1
incrementdecrement,1,1
decrementing,1,1
various,1,1
resulting,1,1
python3version,1,1
python3,1,1
responded,1,1
httplocalhost8000,1,1
httplocalhost8000api,1,1
screen_shot_20230327_at_23504_pmpng,1,1
screen_shot_20230327_at_23440_pmpng,1,1
named,1,1
variety,1,1
imply,1,1
wherever,1,1
requiresz,1,1
effects,1,1
assertempty,1,1
lastdatum,1,1
 runtime,1,1
pos,1,1
iterates,1,1
lacking,1,1
kinds,1,1
hanzhen,1,1
occured,1,1
 studentlocation,1,1
js_inlocation,1,1
urlsqueue_head_url,1,1
lobster,1,1
nlohmannjson,1,1
gthaxton,1,1
inscreenshot_20230327_at_11156_pmpng,1,1
continuing,1,1
whilecineof,1,1
interpreting,1,1
device,1,1
saying ,1,1
throw,1,1
 function,1,1
starts,1,1
2 also,1,1
represents,1,1
compute,1,1
mine,1,1
copy_ctorlist_testsexe312870x10b941600,1,1
0x7ff7bc44afd0,1,1
allocatedlist_testsexe312870x10b941600,1,1
debugzsh,1,1
 list_testsexe,1,1
test_iterator_begin,1,1
test_iterator_copy_ctor,1,1
test_iterator_ctor_at_pos,1,1
test_iterator_deref_op,1,1
test_iterator_dft_ctor,1,1
test_iterator_dnequal_op,1,1
test_iterator_end,1,1
test_iterator_equal_op,1,1
test_iterator_equalequal_op,1,1
test_iterator_erase,1,1
test_iterator_insert,1,1
test_iterator_minus_op,1,1
test_iterator_plus_op,1,1
test_list_assignment,1,1
test_list_back,1,1
test_list_clear,1,1
test_list_copy_ctpr,1,1
test_list_dft_ctor,1,1
test_list_empty,1,1
test_list_front,1,1
test_list_pop_back,1,1
test_list_pop_front,1,1
test_list_push_back,1,1
test_list_push_front,1,1
test_list_size,1,1
placing,1,1
samyerra,1,1
unit_test_frameworkh,1,1
reposition,1,1
skip,1,1
dummy,1,1
so ,1,1
copt,1,1
constr,1,1
helloive,1,1
searched,1,1
issueundefined,1,1
arm64 ,1,1
list_compile_check94c0a2o ,1,1
list_compile_check94c0a2old,1,1
arm64clang,1,1
linker,1,1
v,1,1
invocationmake,1,1
end ,1,1
implicit,1,1
conversion,1,1
loses,1,1
precision,1,1
stdlistohqueuestudentsize_type,1,1
unsigned,1,1
size_t,1,1
user,1,1
management,1,1
handed,1,1
includes,1,1
differently,1,1
locally ,1,1
test_02,1,1
eof,1,1
offered,1,1
and ,1,1
modification,1,1
futureg,1,1
list_testsexemake,1,1
 clock,1,1
skew,1,1
detected,1,1
 your,1,1
incomplete,1,1
permanent,1,1
sudo,1,1
hwclock,1,1
clean,1,1
resetting,1,1
date,1,1
protip,1,1
implying,1,1
referring,1,1
test01outlibcabi,1,1
literalzsh,1,1
 apiexe,1,1
test01out,1,1
comments,1,1
braces,1,1
reducing,1,1
elizatay,1,1
diff,1,1
outcorrect,1,1
notepad,1,1
reveals,1,1
forcibly,1,1
json  ,1,1
record,1,1
incompatible,1,1
cards,1,1
unless,1,1
lists_testscpp,1,1
additional,1,1
diagrams,1,1
decimals,1,1
script,1,1
bunch,1,1
of ,1,1
destructor ,1,1
mismatch,1,1
toe,1,1
inode_ptrnext,1,1
adjacent,1,1
templated,1,1
overqualification,1,1
reviewed,1,1
asynchronous,1,1
stored,1,1
casetesttest_backog2,1,1
backtestbacktestpush_back55backtestpush_back56assert_truebacktestback,1,1
56cout,1,1
endlthe,1,1
say assert_truebacktestback,1,1
56 or assert_truebacktestback,1,1
55 they,1,1
56 reasons,1,1
happeningmy,1,1
wrongmy,1,1
wrongim,1,1
screen_shot_20230326_at_42010_pmpng,1,1
on ,1,1
worry,1,1
breaking,1,1
from thank,1,1
my_listpush_front11,1,1
my_listpush_back22,1,1
assert_trueiter,1,1
refers,1,1
public ,1,1
private ,1,1
node_ptrnullptr,1,1
node_ptrp,1,1
lot ,1,1
indicative,1,1
fstream,1,1
whyhow,1,1
assert_true,1,1
heyo,1,1
function ,1,1
managed,1,1
pinpoint,1,1
odd,1,1
too ,1,1
tail,1,1
callsexecutes,1,1
endpoints,1,1
share,1,1
tips ,1,1
j5,1,1
functions ,1,1
getpointer,1,1
idk,1,1
override,1,1
firstnullptr,1,1
resolvednvm,1,1
testtest_backog2,1,1
backtest,1,1
backtestpush_back55,1,1
backtestpush_back56,1,1
reasons,1,1
goes,1,1
kinda,1,1
low,1,1
efficient,1,1
chances,1,1
listtpush_frontconst,1,1
nnew,1,1
ndatumdatum,1,1
iffirstnullptr,1,1
lastnullptr,1,1
tempprev,1,1
michigan,1,1
compsci,1,1
dog,1,1
cpush_backme,1,1
cpush_backdog,1,1
cpush_fronteecs,1,1
cpush_frontcompsci,1,1
cpush_frontmichigan,1,1
cpush_backtest,1,1
cfirst,1,1
cbegin,1,1
dbegin,1,1
assert_equalcfirst,1,1
recognized,1,1
patterns,1,1
spect,1,1
identical,1,1
bus,1,1
fact,1,1
publicerror01in,1,1
greater,1,1
represent,1,1
iffourth_line,1,1
occuring,1,1
list_public_test,1,1
deallocated,1,1
memories,1,1
suggest,1,1
wheres,1,1
assingment,1,1
cstor ,1,1
interpreted,1,1
love,1,1
possible ,1,1
newnodeprev,1,1
last ,1,1
newnode ,1,1
slides ,1,1
apiexelibcabi,1,1
cl,1,1
parts,1,1
hartwig,1,1
perfectly ,1,1
firstprevnullptr,1,1
public_error01outcorrect ,1,1
_crtisvalidheappointerblock,1,1
light,1,1
blue,1,1
mismatched,1,1
outlined,1,1
accounted,1,1
spent,1,1
proceeded,1,1
played,1,1
pp1,1,1
margin,1,1
font,1,1
110px,1,1
menlo,1,1
color,1,1
spans1,1,1
fontvariantligatures,1,1
nocommonligatures,1,1
contain,1,1
situation,1,1
yesterday,1,1
compile_checkcpp,1,1
flatout,1,1
itr,1,1
apparently,1,1
shrodingers,1,1
cat,1,1
vibes,1,1
wordsformat,1,1
hardcode,1,1
screen_shot_20230325_at_31038_pmpng,1,1
list_compilecpp,1,1
internal,1,1
realizes,1,1
fuction,1,1
equivalent,1,1
arr1,1,1
queueresults0,1,1
approaches,1,1
far,1,1
permit,1,1
x86_64 ,1,1
list_compile_check3164dfo ,1,1
list_compile_check3164dfold,1,1
x86_64,1,1
friends,1,1
listh2867,1,1
listintiterator inode_ptr,1,1
tempcurrent,1,1
euchre,1,1
googled,1,1
helped,1,1
avoid,1,1
disagrees,1,1
pnew,1,1
firstp ,1,1
not ,1,1
questionbut,1,1
listinstead,1,1
traversing,1,1
increased,1,1
created ,1,1
receives,1,1
browser,1,1
visibility,1,1
definition ,1,1
submittied,1,1
apis,1,1
implements,1,1
newlines,1,1
segments,1,1
objectresults,1,1
iterprev ,1,1
utilize,1,1
combination,1,1
begins,1,1
confident,1,1
privates,1,1
ohqueuebegin,1,1
ohqueueend,1,1
what ,1,1
screen_shot_20230324_at_62800_pmpng,1,1
watching,1,1
reviews,1,1
firsprev,1,1
ifinode_ptr,1,1
firstlast,1,1
derefecne,1,1
0if contentlength,1,1
puts,1,1
base,1,1
glitch,1,1
pinned,1,1
attended,1,1
iteratoroperator,1,1
unusual,1,1
listaend,1,1
listbend,1,1
happeninguniqname,1,1
librarydevelopercommandlinetoolssdksmacosx121sdkusrincludecv1string40451,1,1
ignored,1,1
std__1char_traitschar,1,1
typeparameter00,1,1
char_traitschar,1,1
_allocator,1,1
__lhs,1,1
total,1,1
part ,1,1
why ,1,1
listcharnode,1,1
dcba ,1,1
brokenpipeerror,1,1
errno,1,1
adjusted,1,1
containing,1,1
assert_equalit,1,1
reenter,1,1
beyond,1,1
specified,1,1
uniqname ,1,1
loops,1,1
privated,1,1
screen_shot_20230324_at_10125_ampng,1,1
resultsawdeorio,1,1
akamil,1,1
queuefront,1,1
built,1,1
precise,1,1
steer,1,1
chekaren,1,1
few ,1,1
worded,1,1
should ,1,1
root,1,1
cut,1,1
workspacefoldertest04in,1,1
screen_shot_20230323_at_95514_pmpng,1,1
macbook,1,1
falls,1,1
prompting,1,1
screen_shot_20230322_at_122638_pmpng,1,1
screen_shot_20230322_at_122654_pmpng,1,1
toothanks,1,1
divyabp,1,1
scenarios,1,1
listinsert,1,1
	json,1,1
suppose,1,1
initializes,1,1
inserts,1,1
removes,1,1
my_listempty,1,1
my_listpush_front42,1,1
my_listpush_back42,1,1
my_listfront,1,1
my_listback,1,1
my_listpop_front,1,1
my_listpop_back,1,1
list2my_list,1,1
my_listbegin,1,1
my_listinsertiter,1,1
qualification,1,1
regenald,1,1
fletcher,1,1
entering,1,1
performing,1,1
thereafter,1,1
replaced,1,1
repeats,1,1
refresher,1,1
yes,1,1
test03in,1,1
hadnt,1,1
os,1,1
switch,1,1
affected,1,1
maximum,1,1
occurring,1,1
content_length,1,1
kstump,1,1
pathway,1,1
creation,1,1
invoking,1,1
stopping,1,1
pushed,1,1
list3list2,1,1
question ,1,1
reached,1,1
max,1,1
x1,1,1
environment ,1,1
notation,1,1
differentiate,1,1
generally,1,1
builtin,1,1
deletinginserting,1,1
interpret,1,1
select,1,1
windows,1,1
couldve,1,1
inserted,1,1
queuefunction,1,1
in ,1,1
occurred,1,1
code1,1,1
address0x8,1,1
derefferenceable,1,1
range,1,1
deorio,1,1
my_listpush_frontn,1,1
becase,1,1
likley,1,1
l1begin,1,1
l1end,1,1
2nd,1,1
treated,1,1
source,1,1
squiggly,1,1
aspects,1,1
c_cpp_propertiesjson,1,1
settingsjson,1,1
json_objresults,1,1
akamil ,1,1
desks,1,1
bookshelves ,1,1
jklooste ,1,1
setup,1,1
bottom,1,1
corner,1,1
wslubuntu,1,1
press,1,1
reopen,1,1
soon,1,1
courses,1,1
prepared,1,1
exams,1,1
recommendation,1,1
host_trash,1,1
host_in,1,1
content_type_trash,1,1
app_trash,1,1
charset_trash,1,1
content_length_trash,1,1
content_len,1,1
unrelated,1,1
tempt,1,1
it is,1,1
do ,1,1
phases,1,1
morning,1,1
heapuseafterfree,1,1
 when,1,1
operand,1,1
spits,1,1
indicate,1,1
screen_shot_20230321_at_94350_pmpng,1,1
iterator_name,1,1
cpluspluscom,1,1
skipped,1,1
leaving,1,1
accordingly,1,1
 method,1,1
run ,1,1
illustrate,1,1
scenario,1,1
list1 ,1,1
list2 ,1,1
list1push_front1 ,1,1
list1push_front2,1,1
copy_all ,1,1
assert_equallist2front2,1,1
list_testscpp719,1,1
listint ,1,1
listh1818,1,1
copy_allconst,1,1
other ,1,1
generated,1,1
large,1,1
intended,1,1
rundown,1,1
quesiton,1,1
printqueue,1,1
queueprintqueue,1,1
encountering,1,1
visually,1,1
terminates,1,1
reach,1,1
protocol,1,1
arising,1,1
heard,1,1
prevptr,1,1
nextptr,1,1
prevptrnext,1,1
nextptrprev,1,1
listintnode,1,1
arrow,1,1
doe,1,1
viable,1,1
dynamic,1,1
intermediate,1,1
url,1,1
queue_head_url,1,1
tried ,1,1
shutdown,1,1
eecs280org,1,1
sudden,1,1
whilecinsomevariable,1,1
whilecinmethodpathjunkjunkcontentlength,1,1
kill,1,1
helpers,1,1
alongside,1,1
verify,1,1
ifstream,1,1
alone,1,1
listintemptyconst ,1,1
listintsizeconst ,1,1
listintback,1,1
listintfront,1,1
day,1,1
0x10e47f2f0,1,1
rewriting,1,1
involve,1,1
deletes,1,1
installing,1,1
professor,1,1
plenty,1,1
occurring ,1,1
messed,1,1
1terminate,1,1
nlohmanndetailparse_error2what,1,1
provide,1,1
guard,1,1
summary,1,1
unique_ptrs,1,1
frowned,1,1
slash,1,1
liststudent,1,1
lowercase,1,1
capital,1,1
l,1,1
action,1,1
reasoning,1,1
freopenmain_testin,1,1
stdin while,1,1
freopen,1,1
delete_scalarcpp,1,1
__crtdecl,1,1
deletevoid,1,1
block,1,1
noexcept,1,1
_debug,1,1
_free_dbgblock,1,1
_unknown_block,1,1
freeblock,1,1
httpseecs280staffgithubiotutorialssetup_leakcheckhtmlmacos vs,1,1
enable,1,1
diagnostics,1,1
except,1,1
identified,1,1
couting,1,1
listcpp,1,1
satisfy,1,1
improve,1,1
discovered,1,1
move,1,1
eraset1,1,1
talked,1,1
accepting,1,1
at ,1,1
bracketfinderempty,1,1
coutbracketfinderendl,1,1
j1,1,1
cinj1,1,1
ohadd_studentj1,1,1
apiqueuehead ,1,1
output ,1,1
errorwhen,1,1
functionadditionally,1,1
contructor,1,1
followingcan,1,1
visit,1,1
enabling,1,1
suggested,1,1
property,1,1
messing,1,1
focusing,1,1
direct,1,1
keywords,1,1
configure,1,1
sequences,1,1
afterwards,1,1
jackbad,1,1
numsize,1,1
screenshot_20230319_at_113209_ampng,1,1
obscure,1,1
p2,1,1
takes,1,1
acceptable,1,1
ith,1,1
runtime,1,1
screenshot_20230318_at_85431_pmpng,1,1
old,1,1
segment,1,1
iffirst,1,1
 firstprev,1,1
new_node,1,1
codeexc_i386_gpflt,1,1
title ,1,1
watched,1,1
anyway,1,1
across,1,1
keynames,1,1
indexing,1,1
tab,1,1
work ,1,1
loss,1,1
assigned,1,1
screen_shot_20230318_at_44018_pmpng,1,1
terms,1,1
claims,1,1
firstprevious,1,1
bound,1,1
sigabrt,1,1
p4web694430x7ff85d8bf680,1,1
0xa6a03463472300d4,1,1
allocatedp4web694430x7ff85d8bf680,1,1
looping,1,1
restrictions,1,1
uninitialized,1,1
dynamically,1,1
allocate,1,1
pushpop,1,1
prevnext,1,1
discussed,1,1
singly,1,1
linked ,1,1
address ,1,1
penultimate,1,1
assumptions,1,1
helloi,1,1
alternative,1,1
detect,1,1
afraid,1,1
undetected,1,1
custom,1,1
irerator,1,1
choice,1,1
keeping,1,1
important,1,1
applicable,1,1
help ,1,1
accordingly ,1,1
system,1,1
wait,1,1
studentuniqname,1,1
studentvalueuniqname,1,1
you  ,1,1
everyones,1,1
initializer,1,1
succinct,1,1
complaining,1,1
recognizedscreenshot_20230316_at_74117_pmpng,1,1
afternoon,1,1
etc ,1,1
calculate,1,1
bytes,1,1
contained,1,1
piece,1,1
required ,1,1
clarifications,1,1
testuse,1,1
git,1,1
ubuntu,1,1
ceecs280p4webp4web,1,1
exists,1,1
explicit,1,1
p4webnew,1,1
p4webproto,1,1
disconnect,1,1
reason ,1,1
pauses,1,1
becomes,1,1
restart,1,1
ouput,1,1
outcome,1,1
sides,1,1
listeraselistend,1,1
assertnull_ptr,1,1
type_error,1,1
studentuniquename,1,1
stringj1uniquename,1,1
liststudentsiterator,1,1
curious,1,1
wrapper,1,1
socket,1,1
solely,1,1
piling,1,1
posted,1,1
posting,1,1
email,1,1
tyemohrumichedu,1,1
everyone,1,1
live,1,1
89pm,1,1
est,1,1
recorded,1,1
hope,1,1
httpsumichzoomusj2084220248slides,1,1
httpsdocsgooglecompresentationd1fnc3r8fwve4lggioiehjtgjffvuecjs1hfvzyulgdhqeditslideidg100700217d4_0_131,1,1
httpsumichzoomusrecsharemkretfkj4etl6gzpcqigini6rz586obau4fhtz_dx4s1or71xg9zroy4wenwhixf5usi_soxcxg5lknstarttime1678838797000,1,1
minusthendaywhoooooo,1,1
fall,1,1
retaking,1,1
plz,1,1
stdliststudent,1,1
ohqueueh,1,1
classes,1,1
yet ,1,1
the standard,1,1
library list,1,1
downloaded,1,1
transfer,1,1
fit,1,1
dropdowns,1,1
covered,1,1
stringfind,1,1
keyword,1,1
characters,1,1
less,1,1
supported,1,1
makes,1,1
sense,1,1
learn,1,1
jason,1,1
explanation,1,1
topics,1,1
timeline,1,1
early,1,1
cancels,1,1
faqs ,1,1
reminder,1,1
wednesday,1,1
march,1,1
29th,1,1
8pm,1,1
saves,1,1
exam,1,1
determined,1,1
refer,1,1
httpseecs280staffgithubionotes,1,1
accessible,1,1
friendship,1,1
covering,1,1
lecture ,1,1
destructorhow,1,1
responsible,1,1
explicitly,1,1
dies,1,1
segfaultundefined,1,1
common,1,1
segfaults,1,1
typically,1,1
youve,1,1
useful,1,1
youd,1,1
giant,1,1
following ,1,1
sees,1,1
smart,1,1
ndatum,1,1
brace,1,1
intialization,1,1
nodenext_in,1,1
prev_in,1,1
recommend,1,1
easiest,1,1
integrate,1,1
existing,1,1
practice,1,1
happy,1,1
pinkedlists,1,1
winter,1,1
spring,1,1
