function,219,168
error,188,166
test,154,104
vector,125,81
im,121,85
code,112,105
file,96,76
autograder,83,77
getting,78,71
summarize,74,56
percentile,74,46
get,70,61
use,67,58
project,65,59
output,62,50
tests,62,55
run,60,56
know,60,56
double,60,32
cases,58,48
sure,58,55
statscpp,53,47
main,53,45
try,50,45
value,49,35
maincpp,47,42
fix,46,45
functions,46,39
however,44,43
one,42,34
int,42,27
trying,40,37
says,40,38
tried,40,35
using,40,36
make,40,37
need,38,33
files,38,36
cout,38,20
terminal,38,34
mode,37,25
help,36,34
still,36,32
hi,36,36
like,36,34
anyone,34,34
even,34,31
program,33,30
thank,33,33
number,33,22
dont,32,30
return,32,25
compile,31,28
wrong,31,30
also,31,31
working,31,27
confused,31,30
type,30,26
public,30,24
line,30,28
data,29,25
case,29,24
stats_testscpp,29,26
private,28,22
correct,28,27
keep,27,25
something,27,27
anything,27,23
numbers,27,22
see,27,27
way,27,27
pass,27,20
supposed,27,20
debugger,27,22
message,27,27
write,26,23
input,26,24
example,26,25
issue,25,22
else,25,24
pairs,25,20
assert,24,21
values,24,24
spec,24,20
v,24,24
ive,23,21
first,23,20
call,23,19
mean,23,17
assertion,23,20
endl,23,8
check,22,22
loop,22,17
include,22,19
find,21,18
wondering,21,21
p,21,15
bounds,20,18
got,20,18
cant,20,18
thanks,20,20
able,20,18
command,20,18
errors,20,20
hello,19,19
used,19,16
problem,19,17
included,19,19
undefined,18,15
stdev,18,15
everything,18,17
really,18,15
summary,18,16
symbol,18,6
sort,18,15
debug,17,14
expected,17,16
count,17,13
seems,17,15
submit,17,14
column,17,11
100th,17,14
saying,17,16
negative,17,11
following,16,15
go,16,14
vectors,16,15
think,16,15
testing,16,16
works,16,14
graded,16,13
someone,16,16
right,16,15
running,16,16
appreciated,16,16
statsh,16,14
set,15,13
already,15,15
time,15,12
different,15,14
though,15,14
put,15,13
empty,15,14
xcode,15,15
since,15,13
mainexe,15,15
doesnt,15,15
work,15,15
standard,15,9
deviation,15,14
std__1char_traitschar,15,2
failed,14,14
stats,14,13
understand,14,13
didnt,14,13
last,14,14
print,14,13
result,14,13
want,14,12
checks,14,13
add,14,11
happening,13,13
part,13,12
returns,13,10
another,13,10
cannot,13,13
suggestions,13,13
currently,13,13
build,13,11
ub,13,11
in ,13,1
varfoldersdfhvpcx5997kgc73p5tdhqv1980000gntstats96eb4bo ,13,1
std__1allocatorchar,13,1
name,12,12
read,12,12
thought,12,11
two,12,11
means,12,12
given,12,12
starter,12,11
failing,12,10
new,12,12
gives,12,10
element,12,11
variable,12,10
varfoldersdfhvpcx5997kgc73p5tdhqv1980000gntp1_libraryae46a6oduplicate,12,1
please,11,11
might,11,8
wanted,11,10
well,11,11
implement,11,11
filename,11,11
going,11,11
frequency,11,9
fine,11,11
main_test_datatsv,11,9
within,11,6
vsize,11,11
tutorial,10,8
vscode,10,9
printing,10,10
reading,10,9
may,10,9
written,10,10
take,10,8
said,10,9
point,10,9
without,10,10
fails,10,10
pair,10,8
style,10,9
advice,10,10
equal,10,8
reference,10,9
much,10,10
column_name,10,9
piazza,10,10
enter,10,5
idea,10,10
allowed,10,7
every,10,7
vectordouble,10,9
possible,10,10
visual,10,8
studio,10,8
tempnum,10,7
causing,9,8
elements,9,9
behavior,9,7
auto,9,8
points,9,9
submission,9,9
n,9,8
statements,9,7
giving,9,9
opening,9,9
redirection,9,9
tell,9,9
submitted,9,8
runs,9,8
epsilon,9,5
called,9,9
wrote,9,9
decimal,9,8
correctly,9,9
writing,9,9
bit,9,9
trouble,9,9
appears,9,8
second,9,8
let,9,9
figure,9,9
unsure,9,8
c,9,9
vectorpairdouble,9,5
grader,8,7
instead,8,8
prints,8,8
order,8,8
library,8,8
found,8,8
far,8,8
exactly,8,8
link,8,7
p1stats,8,7
end,8,8
followed,8,7
access,8,8
actually,8,8
computer,8,8
sum,8,7
problems,8,7
little,8,6
issues,8,7
look,8,8
size,8,7
counter,8,2
received,8,8
implementing,8,7
declaration,8,6
console,7,7
fail,7,7
based,7,7
specs,7,7
many,7,6
shows,7,7
passed,7,7
instructors,7,7
credit,7,7
class,7,7
finished,7,7
information,7,7
cin,7,6
thing,7,7
wouldnt,7,7
compiles,7,7
around,7,7
const,7,5
whenever,7,7
passing,7,7
void,7,7
open,7,6
fixing,7,7
looking,7,7
string,7,4
made,7,7
start,7,7
isnt,7,7
answer,7,7
std__1allocatordouble,7,7
vs,7,7
times,7,6
change,7,7
size_t,7,6
returned,7,4
created,7,5
create,7,7
json,7,5
gdb,7,7
stdvector,7,5
insert,7,4
setup,6,4
changing,6,6
launchjson,6,6
havent,6,6
worked,6,6
invalid,6,6
indexing,6,5
reason,6,6
done,6,6
uniqname,6,6
expression,6,6
theres,6,5
stop,6,6
codes,6,5
comments,6,6
inclusive,6,4
25th,6,5
calculate,6,6
missing,6,6
delete,6,6
including,6,6
whats,6,6
similar,6,6
download,6,4
picture,6,5
outputs,6,6
statement,6,5
cause,6,6
back,6,5
previous,6,5
actual,6,6
error ,6,6
median,6,6
b,6,5
screenshot,6,6
variables,6,5
changed,6,6
warning,6,5
vp,6,4
stats_testsexe,6,6
forint,6,5
tips,6,6
always,6,5
cpp,6,6
pops,6,4
assertcountv,6,6
fractpart,6,2
compiling,6,6
tested,6,6
vi,6,6
post,5,4
q,5,1
bug,5,5
segmentation,5,5
final,5,5
yet,5,5
attached,5,5
uses,5,4
submitting,5,5
receive,5,5
believe,5,5
member,5,4
push_back,5,5
lines,5,5
outside,5,5
provided,5,4
abort,5,4
required,5,5
ie,5,5
75th,5,4
incorrect,5,5
wont,5,5
seem,5,5
saw,5,5
doubles,5,5
comparison,5,4
hcmst_ver_304tsv,5,5
bunch,5,5
integer,5,4
implementation,5,5
note,5,4
struggling,5,5
passes,5,5
say,5,5
posts,5,5
ubuntu,5,4
results,5,5
rule,5,5
directory,5,5
question,5,5
pretty,5,5
commented,5,5
calculator,5,5
rather,5,2
implemented,5,4
helpful,5,5
make_pair,5,5
ok,5,5
ask,5,5
whether,5,4
separate,5,5
world,5,5
simply,5,5
assume,5,4
resolve,5,4
eecs,5,5
this ,5,5
falls,5,1
heres,5,3
stats_public_testexe,5,4
sortv,5,5
notice,5,5
percentiledata,5,1
test_stdev,5,5
tempcount,5,4
bool,5,2
std__1basic_stringchar,5,1
due,4,4
related,4,4
index,4,4
greatly,4,4
future,4,4
ran,4,4
long,4,4
compiler,4,4
compilation,4,4
warnings,4,3
messages,4,4
method,4,4
matching,4,4
shown,4,4
projects,4,4
least,4,4
extract,4,4
never,4,4
current,4,2
leave,4,4
showing,4,4
looked,4,4
aka,4,4
top,4,4
checked,4,4
division,4,3
attempt,4,4
met,4,4
online,4,4
format,4,4
folder,4,3
looks,4,4
noticed,4,4
somehow,4,4
match,4,4
understanding,4,3
couldnt,4,4
extract_columnfilename,4,4
exclude,4,3
matches,4,4
conversion,4,3
large,4,3
small,4,4
assuming,4,3
multiple,4,4
p1_libraryh,4,4
occurring,4,4
approach,4,3
requires,4,4
good,4,4
main_testout,4,4
section,4,4
solution,4,4
list,4,4
printed,4,4
edit,4,4
diff,4,4
id,4,4
appreciate,4,4
header,4,4
implementations,4,3
step,4,4
nothing,4,4
rounding,4,4
function ,4,4
except,4,4
push,4,3
either,4,4
execute,4,4
comes,4,4
wasnt,4,4
debugging,4,4
stats_tests,4,3
sense,4,3
true,4,4
happens,4,4
certain,4,3
stats_public_testcpp,4,4
version,4,4
sometimes,4,3
difference,4,4
sample,4,3
repeated,4,3
intpart,4,4
according,4,4
whole,4,3
contains,4,4
stubs,4,3
filled,4,4
exit,4,4
endl ,4,1
test_percentile,4,4
distinct,4,2
numvectorpush_backtempnum,4,2
occurencevectorpush_back1,4,2
modenum,4,3
via,4,4
char,4,1
asked,3,3
questions,3,3
extension,3,3
codelldb,3,2
configuration,3,3
launch,3,3
request,3,3
unable,3,3
recommended,3,3
caused,3,3
past,3,3
valid,3,3
handle,3,3
locally,3,3
perfectly,3,3
edge,3,3
score,3,3
source,3,3
avoid,3,3
hour,3,2
grade,3,3
quite,3,3
spacing,3,3
clue,3,3
sanitizer,3,3
heap,3,3
hit,3,2
marked,3,3
ones,3,3
chance,3,3
hours,3,3
assertfalse,3,3
kind,3,3
inputted,3,3
50th,3,3
single,3,3
complete,3,3
answers,3,3
better,3,2
date,3,3
require,3,3
instance,3,3
showed,3,3
initialization,3,3
tsv,3,3
page,3,3
condition,3,3
returning,3,3
moving,3,3
starts,3,3
difficulty,3,3
guidelines,3,3
gets,3,3
main_testin,3,3
user,3,2
operator,3,3
keeps,3,3
clear,3,2
equation,3,2
target,3,3
lot,3,3
makefile,3,2
specific,3,3
matter,3,3
ide,3,3
nested,3,3
loops,3,3
requirement,3,3
consider,3,3
lecture,3,3
process,3,3
architecture,3,3
proceed,3,2
declared,3,3
defined,3,3
hand,3,3
advance,3,3
figured,3,3
definitions,3,3
symbols,3,3
office,3,3
thats,3,3
thanks ,3,3
full,3,2
solve,3,3
coding,3,3
std,3,3
later,3,3
easier,3,3
putting,3,3
fault,3,3
outputted,3,3
started,3,3
detected,3,3
max,3,3
linker,3,3
wonder,3,3
permission,3,3
meant,3,3
told,3,3
declare,3,3
hard,3,3
addition,3,3
places,3,3
examples,3,3
inf,3,3
extract_column,3,3
update,3,3
p1_librarycpp,3,3
output ,3,3
ls,3,3
accessing,3,3
sorted,3,2
staff,3,3
largest,3,3
associated,3,1
normal,3,3
instructions,3,3
weird,3,3
inputoutput,3,2
copy,3,3
paste,3,3
sorry,3,3
main_testoutcorrect,3,3
edited,3,3
countv,3,3
text,3,2
commands,3,3
okay,3,3
guidance,3,3
remember,3,3
summarizedata,3,3
sortstd__1vectordouble,3,3
ideas,3,3
mentioned,3,3
summarizevectordouble,3,3
ivsize,3,3
tutorials,3,3
datapush_back3,3,3
datapush_back2,3,3
datapush_back1,3,3
g,3,3
constant,3,2
p1,3,3
maybe,3,2
thinking,3,2
construct,3,3
v1,3,2
iftempnum,3,3
test_summary,3,3
maxcount,3,2
vati,3,2
overloaded,3,3
install,3,1
regarding,2,2
wsl,2,2
pipeprogram,2,1
skipping,2,2
installing,2,1
extensions,2,2
lldb,2,2
workspacefolderstats_testsexe,2,2
cwd,2,2
view,2,2
why ,2,2
cover,2,2
you ,2,2
grace,2,1
period,2,1
place,2,2
best,2,2
tonight,2,2
regards,2,2
syllabus,2,2
released,2,2
spaces,2,2
extra,2,2
attempts,2,2
vector ,2,2
affect,2,2
buffer,2,2
report,2,2
thread,2,2
info,2,2
anymore,2,2
inputting,2,2
static,2,2
cast,2,2
comparing,2,2
takes,2,2
compare,2,2
causes,2,2
guarantee,2,1
rme,2,2
clauses,2,2
iterating,2,2
greater,2,2
upload,2,2
scope,2,2
define,2,2
fabs,2,2
precision,2,2
precise,2,2
statistics,2,2
reads,2,2
btw,2,2
terminate,2,2
throwing,2,2
things,2,2
nonconst,2,2
rvalue,2,2
click,2,2
students,2,2
stated,2,2
touch,2,2
screenshots,2,2
context,2,2
apparently,2,2
posting,2,2
next,2,2
determine,2,2
calls,2,2
calculating,2,2
 vectordouble,2,2
fstream,2,2
allow,2,2
root,2,2
solutions,2,2
statstestcpp,2,2
usersethenhuhndownloadsstarterfiles,2,2
unsigned,2,2
real,2,2
problem ,2,2
stats_public_test,2,2
minutes,2,2
finally,2,2
outputting,2,2
rest,2,2
amount,2,2
sets,2,2
worried,2,2
statsexe,2,2
names,2,2
 string,2,1
commenting,2,2
automatically,2,2
give,2,2
slides,2,2
immediately,2,2
assertpercentile0,2,1
percentilestd__1vectordouble,2,2
columns,2,2
address,2,2
coming,2,2
floating,2,2
it ,2,2
percentiles,2,2
website,2,2
updated,2,2
several,2,2
popped,2,2
especially,2,2
below ,2,2
listed,2,2
meeting,2,2
pointers,2,2
formula,2,2
wikipedia,2,2
prototypes,2,1
hi ,2,2
curious,2,2
side,2,2
vectorpair,2,1
nan,2,2
semester,2,2
x,2,2
whitespace,2,2
min,2,2
individual,2,2
succeeded,2,2
statscpp ,2,2
follow,2,2
well ,2,2
denied,2,2
macos,2,2
anybody,2,2
store,2,2
pairs ,2,2
hope,2,2
makes,2,2
went,2,2
fraction,2,2
modevectordouble,2,2
overflow,2,2
hint,2,2
specifically,2,2
downloading,2,2
downloaded,2,2
ill,2,2
possibly,2,2
counting,2,2
strings,2,2
excluded,2,2
range,2,2
creating,2,2
datapush_backi,2,1
manually,2,2
datapush_back22,2,1
datapush_back44,2,1
seeing,2,2
description,2,2
stats_testcpp,2,2
original,2,2
turns,2,2
needed,2,2
calculation,2,2
beginning,2,2
prior,2,2
length,2,2
four,2,2
scored,2,2
orange,2,2
aborting,2,2
pick,2,1
smallest,2,2
stuck,2,2
confusing,2,2
stats_public_testscpp,2,2
recognized,2,2
worry,2,2
therefore,2,2
slightly,2,2
stored,2,2
path,2,2
protected,2,1
std__vector_basedouble,2,1
dot,2,1
namespace,2,2
identical,2,2
repetitions,2,1
libcabi,2,2
terminating,2,2
uncaught,2,2
exception,2,2
stdout_of_range,2,2
green,2,2
play,2,2
button,2,2
title,2,2
took,2,2
percentilevectordouble,2,2
calculatedrank,2,2
modfcalculatedrank,2,2
vintpart1,2,2
initialize,2,2
nine,2,1
happen,2,2
stdevdata,2,2
pasted,2,2
setupcommands,2,1
explain,2,2
course,2,2
summarizestdvector,2,2
submissions,2,2
uid,2,2
std__1vectorstd__1vectordouble,2,2
std__1allocatorstd__1vectordouble,2,2
properly,2,1
installed,2,2
important,2,2
viable,2,1
everyone,2,2
managed,2,2
applicationsxcodeappcontentsdeveloperplatformsmacosxplatformdevelopersdksmacosx131sdkusrincludecv1vector157212,2,2
compiled,2,2
assertmeanv,2,1
stdevvectordouble,2,2
val,2,2
total,2,1
test_summarize1,2,2
operands,2,2
libraries,2,2
purpose,2,2
terms,2,2
dataset,2,2
entirely,2,2
false,2,2
editing,2,2
i0,2,2
summarypush_backmake_pairvati1,2,1
filename ,2,1
corresponding,2,2
abspercent11,2,2
assertabspercent11,2,2
word,2,2
rmes,2,2
vk,2,2
vatintpart,2,2
wall,2,2
werror,2,2
pedantic,2,2
stdc11,2,2
wnosigncompare,2,2
wnocomment,2,2
numberlistvsize,2,1
taught,2,2
types,2,2
exec,2,1
registers,2,2
sources,2,2
session,2,2
zoom,2,2
basic,2,2
posted,2,2
finish,2,2
come,2,2
clang,2,2
beforehand,2,2
inside,2,2
sumval,2,1
stdevval,2,2
presume,2,2
numvector,2,2
vectorint,2,2
occurencevector,2,2
forsize_t,2,2
numvectorsize,2,2
vppush_back,2,2
numvectori,2,2
occurencevectori,2,2
null,2,2
calculated,2,2
infinity,2,1
occurrence,2,2
separately,2,2
save,2,2
app,2,2
shall,2,2
iostream,2,2
included ,2,2
old,2,2
sqrt,2,1
indent,2,1
driver,2,1
study,2,1
minimum,2,1
stdpair,2,1
trap,2,2
must,2,2
percentilev,2,1
h,2,2
round,2,1
installation,2,2
sudo,2,2
apt,2,1
duplicate,2,2
x86_64,2,2
csvstreamcsvstream,2,1
csvstreamcsvstreamstd__1basic_istreamchar,2,1
csvstreamcsvstreamstd__1basic_stringchar,2,1
std__1allocatorstd__1pairstd__1basic_stringchar,2,1
middle,2,1
somewhere,2,2
control,2,2
refer,1,1
frequently,1,1
linked,1,1
eecs280,1,1
website ,1,1
wednesday,1,1
january,1,1
8pm ,1,1
followups,1,1
starting,1,1
pipe,1,1
progam,1,1
cwindowssysnativebashexe,1,1
mntcwindowssystem32bashexe,1,1
mac,1,1
breakpoints,1,1
known,1,1
microsoft,1,1
cc,1,1
steps,1,1
tab,1,1
search,1,1
args,1,1
workspacefolder,1,1
vscodemacos,1,1
httpseecs280staffgithubiotutorialssetup_vscodehtmlmacos1,1,1
resources,1,1
httpseecs280staffgithubiop1statsvectorhtml,1,1
outwhat,1,1
faultwhat,1,1
accessoutofbounds,1,1
unknown,1,1
computers,1,1
differently,1,1
reread,1,1
catch,1,1
resize,1,1
details,1,1
appreciatied,1,1
autotrader,1,1
canvas,1,1
tests ,1,1
pm,1,1
realizing,1,1
partial,1,1
late,1,1
busy,1,1
schedule,1,1
president,1,1
club,1,1
soccer,1,1
super,1,1
keen,1,1
suhith,1,1
grading,1,1
deadline,1,1
scores,1,1
 had,1,1
feedback,1,1
summarypush_backcurrvaluecount,1,1
modeled,1,1
iterate,1,1
vppush_backinnerval,1,1
vppush_backfrequency,1,1
summarypush_backvp,1,1
earlier,1,1
overload,1,1
addresssanitizer,1,1
breakpoint,1,1
extended,1,1
hcmst_ver304tsv,1,1
like ,1,1
regrades,1,1
missed,1,1
flagged,1,1
troubleshoot,1,1
decimals,1,1
skips,1,1
ever,1,1
stuff,1,1
happening ,1,1
sin,1,1
tells,1,1
means ,1,1
styles,1,1
queue,1,1
backed,1,1
resubmit,1,1
modify,1,1
nonviolation,1,1
sorting,1,1
editor,1,1
0s,1,1
array,1,1
screen_shot_20230118_at_20116_pmpng,1,1
9636608ca8da46a684ef59ced8a49799jpeg,1,1
erase,1,1
addresses,1,1
datasize ,1,1
aware,1,1
zero,1,1
grades,1,1
conflicting,1,1
assertabsx,1,1
larger,1,1
preprocessed,1,1
defineshould,1,1
abs,1,1
reduce,1,1
ambiguity,1,1
bc,1,1
absspec,1,1
1e20,1,1
simple,1,1
trig,1,1
overflows,1,1
crashes ,1,1
comment,1,1
descriptions,1,1
 someone,1,1
site,1,1
estimated,1,1
trailing,1,1
zeroes,1,1
nonzero,1,1
anytime,1,1
stdinvalid_argument ,1,1
 stodaborted,1,1
searching,1,1
stoi,1,1
stod,1,1
statscpp1921,1,1
stdvectordouble,1,1
stdvectordoubleiterator,1,1
statscpp136p1_libraryh1732,1,1
argument,1,1
sortstdvectordouble717,1,1
sortstdvectordouble,1,1
wget,1,1
httpseecs280staffgithubiop1statsdatahcmst_ver_304tsv on,1,1
web,1,1
asking,1,1
accounting,1,1
pay,1,1
special,1,1
attention,1,1
taking,1,1
wrap,1,1
head,1,1
concept,1,1
ambiguous,1,1
privately,1,1
mix,1,1
decided,1,1
kept,1,1
reaches,1,1
position ,1,1
accompany,1,1
image,1,1
youscreen_shot_20230117_at_100649_pmpng,1,1
overloade,1,1
alone,1,1
casuing,1,1
arises,1,1
main_public_tests,1,1
stats_public_tests,1,1
unaware,1,1
arising,1,1
mclaurin,1,1
fixed,1,1
logged,1,1
log,1,1
named,1,1
slohan,1,1
includes,1,1
desktop,1,1
excluding,1,1
building,1,1
taken,1,1
account,1,1
omitted,1,1
handled,1,1
correctlyassertion,1,1
assertsumv,1,1
2eecs,1,1
1p1statsstatscpp3514,1,1
implicit,1,1
loses,1,1
stdvectordoublesize_type,1,1
stay,1,1
definitely,1,1
spend,1,1
equal ,1,1
test ,1,1
complies,1,1
qflag,1,1
stalls,1,1
analysis,1,1
leading,1,1
syntax,1,1
verify,1,1
confirmed,1,1
p100 part,1,1
divided,1,1
n1,1,1
plus,1,1
vp ,1,1
 stop,1,1
seen,1,1
cinfreopen,1,1
enterallow,1,1
filenamecolumn,1,1
doe,1,1
loss,1,1
curly,1,1
braces,1,1
excess,1,1
fully,1,1
normally,1,1
printing ,1,1
crash,1,1
nobody,1,1
keeping,1,1
track,1,1
purposes,1,1
needs,1,1
interfaces,1,1
clause,1,1
confuses,1,1
bit ,1,1
nonetheless,1,1
test_percentile_small_data_set,1,1
assertpercentile15,1,1
assertpercentile300,1,1
negatives,1,1
assertpercentile782,1,1
3makefile,1,1
sourcecodemake,1,1
arm64,1,1
heapbufferoverflow,1,1
executes,1,1
confirm,1,1
blank,1,1
penalized,1,1
afternoon,1,1
grader ,1,1
comparisons,1,1
references,1,1
tried ,1,1
directions,1,1
accepts,1,1
calculates,1,1
initialized,1,1
hcmst,1,1
opposite,1,1
now ,1,1
columname,1,1
shouldnt,1,1
value ,1,1
 im,1,1
xcode ,1,1
20th,1,1
60th,1,1
data3,1,1
stats_cpp,1,1
75th ,1,1
nabeelsz ,1,1
screenshot_107png,1,1
screenshot_108png,1,1
sudden,1,1
appeared,1,1
assistance,1,1
unfortunately,1,1
uniquename,1,1
ehuhn,1,1
figuring,1,1
functions ,1,1
attaching,1,1
circumstance,1,1
heregrey,1,1
credits,1,1
necessarily,1,1
close,1,1
algorithms,1,1
arent,1,1
proj1,1,1
lefthand,1,1
constantly,1,1
loads,1,1
resetting,1,1
helped,1,1
load,1,1
talking,1,1
screen_shot_20230116_at_52337_pmpng,1,1
screen_shot_20230116_at_52753_pmpng,1,1
respectively ,1,1
stdmake_pair,1,1
lets,1,1
longer,1,1
allowing,1,1
myvec00,1,1
example1111,1,1
turn,1,1
topic,1,1
expose,1,1
hidden,1,1
bugs,1,1
frowned,1,1
upon,1,1
 on,1,1
replit,1,1
moment,1,1
lacking,1,1
corresponds,1,1
basically,1,1
assertsumdata,1,1
replaced,1,1
count ,1,1
asserts,1,1
message ,1,1
l,1,1
launchjson ,1,1
uploaded,1,1
builtin,1,1
simpler,1,1
prefer,1,1
successfully ,1,1
three,1,1
test_median,1,1
outofbound,1,1
realized,1,1
returns ,1,1
data2,1,1
nabeelsz,1,1
topics,1,1
none,1,1
dark,1,1
ominous,1,1
shuts,1,1
freezes,1,1
return ,1,1
vectorvectordouble,1,1
frequencies,1,1
summarize ,1,1
quality,1,1
debugged,1,1
forget,1,1
script,1,1
phase,1,1
custom,1,1
produces,1,1
failed i,1,1
meandata1,1,1
assertmeandata1,1,1
failed ,1,1
assertmeandata2,1,1
choose,1,1
use ,1,1
errorthen,1,1
assertvemptyfalse,1,1
highest_frequency0,1,1
i0ivsizei,1,1
count1,1,1
current_valuevi,1,1
vivi1i,1,1
ifcounthighest_frequency,1,1
highest_frequencycount,1,1
modecurrent_value,1,1
bmahesri,1,1
producing,1,1
excel,1,1
knowing,1,1
whathow,1,1
valuefrequency,1,1
mixed,1,1
snippet,1,1
gettting,1,1
midebuggerpath,1,1
succesful,1,1
deleting,1,1
mimode,1,1
inputs,1,1
correct ,1,1
gotten,1,1
115792e77,1,1
completely,1,1
exe,1,1
noted,1,1
pointed,1,1
indexes,1,1
limit,1,1
generally,1,1
stepping,1,1
screen_shot_20230115_at_30418_pmpngscreen_shot_20230115_at_30507_pmpng,1,1
system,1,1
p1statsexe,1,1
smaller,1,1
produce,1,1
matched,1,1
exact,1,1
datapush_back11,1,1
datapush_back33,1,1
datapush_back66,1,1
datapush_back88,1,1
adding,1,1
specs ,1,1
structure,1,1
regular,1,1
typed,1,1
mainexe ,1,1
pwd,1,1
instructor,1,1
responded,1,1
cwd ,1,1
rewrote,1,1
screen_shot_20230114_at_73639_pmpng,1,1
modification,1,1
 clock,1,1
skew,1,1
 your,1,1
incomplete,1,1
believes,1,1
0th,1,1
cmath,1,1
parameters,1,1
formats,1,1
rounded,1,1
truncated,1,1
becoming,1,1
screen_shot_20230114_at_60024_pmpngscreen_shot_20230114_at_60035_pmpng,1,1
brackets,1,1
comma,1,1
separated,1,1
equals,1,1
signs,1,1
blue,1,1
partials ,1,1
rely,1,1
exploit,1,1
mutations,1,1
line ,1,1
letting,1,1
counters,1,1
vvsize,1,1
multiplied,1,1
caught,1,1
desired,1,1
states,1,1
exclusion,1,1
combination,1,1
indicate,1,1
indicates,1,1
nonempty,1,1
soon,1,1
talked,1,1
couple,1,1
ias,1,1
already ,1,1
consensus,1,1
seemed,1,1
hypothesized,1,1
minuscule,1,1
transferred,1,1
checker,1,1
unit,1,1
unclear,1,1
prepared,1,1
wslview,1,1
exist,1,1
allocator_traits,1,1
pointer,1,1
stdallocator_traitsintallocator_type,1,1
members,1,1
more ,1,1
image ,1,1
operators,1,1
screen_shot_20230113_at_102122_pmpng,1,1
individually,1,1
them ,1,1
v1020203020202030405050505050506070 ,1,1
sortv ,1,1
i0ivsizei ,1,1
counter0 ,1,1
xvi ,1,1
assigned,1,1
vivi1vi ,1,1
consecutive,1,1
coutxendl,1,1
evaluating,1,1
displayed,1,1
increment,1,1
stays,1,1
anywhere,1,1
codescreen_shot_20230113_at_91317_pmpng,1,1
screen_shot_20230113_at_63643_pmpng,1,1
screen_shot_20230113_at_64133_pmpng,1,1
ideas ,1,1
environment,1,1
turned,1,1
red,1,1
unsaved,1,1
although,1,1
exits,1,1
vintpart,1,1
vvsize1,1,1
suggested,1,1
corrupted,1,1
redownloading,1,1
iteration,1,1
pgrah,1,1
advised,1,1
helloi,1,1
identically,1,1
yields,1,1
checks ,1,1
ed,1,1
failing ,1,1
settings,1,1
targetinputpath,1,1
gdblldb,1,1
underlying,1,1
enableprettyprinting,1,1
enable,1,1
ignorefailures,1,1
incorporating,1,1
described,1,1
material,1,1
happened,1,1
actual3,1,1
expected3,1,1
handgraded,1,1
odd,1,1
outofbounds,1,1
beyond,1,1
statscpp1417,1,1
stdvectoriterator,1,1
sortvbegin,1,1
vend,1,1
rejecting,1,1
spec ,1,1
pushback,1,1
pushbackcc135,1,1
show,1,1
rusty,1,1
ascending,1,1
generating,1,1
code ,1,1
suitable,1,1
userdefined,1,1
std__1vectorstd__1pairdouble,1,1
std__1allocatorstd__1pairdouble,1,1
exists,1,1
direction,1,1
meanhow,1,1
internet,1,1
terminal ,1,1
f,1,1
xargs,1,1
clean,1,1
ideally,1,1
ranges,1,1
depend,1,1
spouse,1,1
partner,1,1
goes,1,1
occur,1,1
works ,1,1
vectorstdpairdouble,1,1
vectorvectordouble ,1,1
achieving,1,1
wrong ,1,1
tester,1,1
jumping,1,1
executed,1,1
completed,1,1
besides,1,1
unless,1,1
identifying,1,1
presence,1,1
neatness,1,1
readability,1,1
others,1,1
road,1,1
runtime,1,1
offset,1,1
0x600000c08000,1,1
overflowed,1,1
0x600000c07ff8,1,1
undefinedbehaviorsanitizer,1,1
undefinedbehavior,1,1
josech,1,1
development,1,1
highlighted,1,1
timed,1,1
rework,1,1
screen_shot_20230111_at_104800_pmpng,1,1
follows,1,1
guessing,1,1
static_cast,1,1
nanind,1,1
fresh,1,1
eyes,1,1
tempmean,1,1
meanvfor,1,1
idouble,1,1
tempmeanvi,1,1
powval2const,1,1
sumvconst,1,1
variance,1,1
1return,1,1
sqrtvariance,1,1
binary,1,1
stdostream,1,1
basic_ostreamchar,1,1
stdvectorstdpairdouble,1,1
yes,1,1
specification,1,1
reverse,1,1
screen_shot_20230111_at_65136_pmpng,1,1
signifying,1,1
assertions,1,1
referencing,1,1
datanumerics,1,1
etc ,1,1
everythign,1,1
needes,1,1
ouput,1,1
accepted,1,1
untitledpng,1,1
aborted,1,1
li,1,1
stopped,1,1
students ,1,1
traversing,1,1
directories,1,1
system ,1,1
linux,1,1
titled,1,1
screenshot_20230111_at_122711_pmpng,1,1
screenshot_20230111_at_122834_pmpng,1,1
that ,1,1
far ,1,1
stats_public_testsexe,1,1
touched,1,1
assertsummarizev00first,1,1
manage,1,1
vbegin,1,1
onetoone,1,1
receiving,1,1
statscpp88,1,1
modestdvectordouble,1,1
suggests,1,1
includepath,1,1
images,1,1
screen,1,1
appreaciated,1,1
includepathjpg ,1,1
p1errorsjpg,1,1
hello ,1,1
screen_shot_20230110_at_60049_pmpng,1,1
ended,1,1
main_test_data,1,1
represent,1,1
v1112344,1,1
ifi0,1,1
ifvativati1,1,1
j0,1,1
isummarysize,1,1
j,1,1
summaryj,1,1
ifvatisummaryatjfirst,1,1
summaryatjsecond1,1,1
coutsummaryatjsecondendl,1,1
rid,1,1
google,1,1
professor,1,1
review,1,1
httpseecs280staffgithubiop1statscomparisonshtml,1,1
bold,1,1
underlined,1,1
column_name ,1,1
12c16,1,1
filenameenter,1,1
namereading,1,1
main_test_datatsvsummary,1,1
5a10,1,1
11c16,1,1
differences,1,1
checking,1,1
sx,1,1
helper,1,1
renamed,1,1
camel,1,1
underscores,1,1
formulas,1,1
dvk1,1,1
vatintpart1,1,1
percentilerelated,1,1
percent1,1,1
percent2,1,1
percent3,1,1
percent4,1,1
percent5,1,1
assertabspercent215,1,1
abspercent21,1,1
assertabspercent32,1,1
abspercent31,1,1
assertabspercent425,1,1
abspercent41,1,1
assertabspercent53,1,1
abspercent51,1,1
statscpp4023,1,1
arrays,1,1
c99,1,1
feature,1,1
werrorwvlaextension,1,1
statscpp4025,1,1
nonconstexpr,1,1
applicationsxcodeappcontentsdeveloperplatformsmacosxplatformdevelopersdksmacosxsdkusrincludecv1vector67915,1,1
size_type,1,1
_noexcept,1,1
generated,1,1
helps,1,1
engr,1,1
counts,1,1
big,1,1
enough,1,1
 getting,1,1
screen_shot_20230109_at_13601_pmpng,1,1
screen_shot_20230109_at_13622_pmpng,1,1
regression,1,1
usedneeded,1,1
welcome,1,1
hosting,1,1
a p1,1,1
overview,1,1
tuesday,1,1
89pm,1,1
est,1,1
components,1,1
general,1,1
permitting,1,1
qa,1,1
recorded,1,1
eecs280org,1,1
youll,1,1
rewatch,1,1
youre,1,1
httpsumichzoomusmyclsun,1,1
httpsdocsgooglecompresentationd1dplp5i3dfvlhhueuwqh1mlqbsq4fw8ppujgxzyqsyyeditslideidp,1,1
recording,1,1
httpsumichzoomusrecsharefge8v0gwnollsm51nddchlztqioxtp6fnv9bfbfgtcgtlwxbpr0hugqry62isesm6wxydc6xrul,1,1
unpin,1,1
considered,1,1
possibilities,1,1
stub,1,1
suppose,1,1
at ,1,1
progress,1,1
transferring,1,1
overall,1,1
funciton,1,1
forgot,1,1
lol,1,1
semesters,1,1
ago,1,1
great,1,1
onto,1,1
 ive,1,1
likely,1,1
implement ,1,1
eventual,1,1
maincpp ,1,1
plan,1,1
hinted,1,1
involves,1,1
ages,1,1
somethign,1,1
mutation,1,1
aside,1,1
random,1,1
stdbad_alloc,1,1
thrown,1,1
try ,1,1
invocation when,1,1
 make,1,1
stats_public_testexestats_public_testexe,1,1
saving,1,1
making,1,1
meanval,1,1
meanv,1,1
powvatimeanval,1,1
sqrtsumval,1,1
countv1,1,1
assertstdevval,1,1
failure,1,1
cant ,1,1
apologies,1,1
stackexchange,1,1
technical,1,1
paygrade,1,1
occurencevectoroccurencevectorsize1,1,1
datapush_back4,1,1
assertsummarysize,1,1
clues,1,1
weeks,1,1
buggy,1,1
i1,1,1
iftempcount,1,1
unfamiliar,1,1
apart,1,1
reuse,1,1
testing ,1,1
occurencevectoratoccurencevectorsize,1,1
record,1,1
relies,1,1
calling,1,1
hints,1,1
average,1,1
led,1,1
us,1,1
scratch,1,1
printed ,1,1
inputed,1,1
violates,1,1
requirements,1,1
sufficient ,1,1
improve,1,1
tree,1,1
screen_shot_20230108_at_81251_ampng,1,1
explanation,1,1
wiki,1,1
versions,1,1
corrected,1,1
unbiased,1,1
apply,1,1
compulsory,1,1
lose,1,1
setting,1,1
compilations,1,1
almost,1,1
majority,1,1
statements ,1,1
of ,1,1
storage,1,1
specifiercc77 ,1,1
accomplish,1,1
accomplishing,1,1
tactics,1,1
occurs,1,1
visited,1,1
invocation,1,1
userscr7desktopeecs280p1starterfilesstatscpp3418,1,1
vppush_backv1ati,1,1
v2ati,1,1
initialize ,1,1
userscr7desktopeecs280p1starterfilesstatscpp1517,1,1
notices,1,1
remaking,1,1
executable,1,1
rerun,1,1
thus,1,1
unknowlingly,1,1
rerunning,1,1
despite,1,1
effect,1,1
grades ,1,1
file_name,1,1
terminates,1,1
stops,1,1
casting,1,1
safe,1,1
casted,1,1
represented,1,1
memory,1,1
officially,1,1
indented ,1,1
indentn,1,1
indent ,1,1
appear,1,1
librarys,1,1
inlcuded,1,1
stanford,1,1
practice,1,1
holding,1,1
program ,1,1
contained,1,1
positive,1,1
feel,1,1
overlooking,1,1
clarifying,1,1
notes,1,1
throughout,1,1
advising,1,1
versus,1,1
directly,1,1
statscpp3324,1,1
ambiguating,1,1
statscpp1,1,1
statsh3138,1,1
modeval,1,1
test_mode,1,1
logic,1,1
tempnum modenum,1,1
maxcount then,1,1
looping,1,1
vector11,1,1
article,1,1
entering,1,1
present,1,1
executing,1,1
differ,1,1
something ,1,1
instruction,1,1
sent,1,1
color,1,1
wherethank,1,1
statsh ,1,1
diagnostic,1,1
valid ,1,1
statistically,1,1
accurate,1,1
selected,1,1
connect,1,1
freq,1,1
lost,1,1
reiterate,1,1
project ,1,1
mac ,1,1
came,1,1
100level,1,1
programming,1,1
useful,1,1
sizes,1,1
userswulingyundesktopumichwinter2023eecs280p1statsstats_testscpp,1,1
newer,1,1
module,1,1
userswulingyundesktopumichwinter2023eecs280p1statsstats_testsexe,1,1
rename,1,1
herehttpseecs280staffgithubiotutorialssetup_visualstudiohtmlrenamefiles,1,1
revision,1,1
successfully,1,1
rem,1,1
effects,1,1
main_test_correct,1,1
txt,1,1
mine,1,1
responsibility,1,1
ensure,1,1
satisfy,1,1
conditions ,1,1
learned,1,1
definition,1,1
modes,1,1
potential,1,1
ignore,1,1
windows,1,1
browser,1,1
downloads,1,1
gz,1,1
notepad,1,1
opens,1,1
cryptic,1,1
encountered,1,1
dumb,1,1
extremely,1,1
easy,1,1
portion,1,1
asks,1,1
searched,1,1
loading,1,1
twice,1,1
rewrite,1,1
fsanitizeaddress,1,1
fsanitizeundefined,1,1
stats_testsexeduplicate,1,1
csvstreamgetheader,1,1
csvstreamread_header,1,1
csvstreamoperator,1,1
extract_columnstd__1basic_stringchar,1,1
csvstreamoperatorstd__1vectorstd__1pairstd__1basic_stringchar,1,1
csvstreamoperatorstd__1mapstd__1basic_stringchar,1,1
std__1lessstd__1basic_stringchar,1,1
varfoldersdfhvpcx5997kgc73p5tdhqv1980000gntp1_libraryae46a6old,1,1
doubleint,1,1
vector_nameinsert2351,1,1
indices,1,1
instances,1,1
unlike,1,1
homepage,1,1
enrolled,1,1
demonstrated,1,1
copied,1,1
sorts,1,1
numerical,1,1
filei,1,1
designed,1,1
mind,1,1
preference,1,1
usein,1,1
scenarios,1,1
getting ,1,1
integers,1,1
ex,1,1
doesnt ,1,1
redo,1,1
hits,1,1
dear,1,1
honor,1,1
bash,1,1
treating,1,1
2d,1,1
1d,1,1
